Municipio;Nombre;Comentario;Referencia
colmenar viejo;Parque Regional Cuenca Alta Del Manzanares, Colmenar Viejo;Montañas, praderas, ríos, embalses, pueblos de película...  No hay excusas para no venir a pasar un inolvidable día en la naturaleza.;https://www.tripadvisor.es/Attraction_Review-g1063662-d8650798-Reviews-Parque_Regional_Cuenca_Alta_Del_Manzanares-Colmenar_Viejo.html
colmenar viejo;Parque Regional Cuenca Alta Del Manzanares, Colmenar Viejo;Desde el puente del Batan, puedes hacer excursiones tipo familiar, una de ellas llegando al embalse de Santillana. El coche se deja al lado del puente medieval (el parquin no es muy grande pero nosotros llegando a las 12 mediodía, quedaban algunas plazas.).  La ruta la hicimos siguiendo el curso del rio pasando por el vado de las carretas, y  tras ese punto, el rio nos quedó a la izquierda, hasta llegar a la altura del embalse.  Tiene unas vistas espectaculares de toda la sierra de Guadarrama (en primer lugar la Pedriza). Ahí comimos y regreso por el mismo sitio que subimos. La excursion tiene 11km y +122 mts, por lo que lo puede hacer casi todo el mundo.…;https://www.tripadvisor.es/Attraction_Review-g1063662-d8650798-Reviews-Parque_Regional_Cuenca_Alta_Del_Manzanares-Colmenar_Viejo.html
colmenar viejo;Parque Regional Cuenca Alta Del Manzanares, Colmenar Viejo;Desde esta localidad, se encuentran rutas de senderismo muy interesantes, las que nos llevan hacia Hoyo de Manzanares o las que nos acercan a lugares con un interés natural importante. Un buen motivo para recorrer la naturaleza.;https://www.tripadvisor.es/Attraction_Review-g1063662-d8650798-Reviews-Parque_Regional_Cuenca_Alta_Del_Manzanares-Colmenar_Viejo.html
colmenar viejo;Parque Regional Cuenca Alta Del Manzanares, Colmenar Viejo;Camino alternativo desde Rascafria a Madrid subiendo al puerto de la Morcuera a 1800 metros de altitud, que permite unas impresionantes vistas tanto hacia el norte a la meseta alta como al sur hacia Madrid. Merece la pena ;https://www.tripadvisor.es/Attraction_Review-g1063662-d8650798-Reviews-Parque_Regional_Cuenca_Alta_Del_Manzanares-Colmenar_Viejo.html
colmenar viejo;Parque Regional Cuenca Alta Del Manzanares, Colmenar Viejo;Un buen lugar para hacer bonitas rutas y desconectar de los ruidos y rutina diaria. Hay diferentes senderos y todos son un placer para disfrutar de la naturaleza.;https://www.tripadvisor.es/Attraction_Review-g1063662-d8650798-Reviews-Parque_Regional_Cuenca_Alta_Del_Manzanares-Colmenar_Viejo.html
colmenar viejo;Basílica de la Asunción de Nuestra Señora de Colmenar Viejo;Es muy grande esta basílica. Solo la pude ver por fuera, una pena. Igual parece un pueblo muerto colmenar. ;https://www.tripadvisor.es/Attraction_Review-g1063662-d12028621-Reviews-Basilica_de_la_Asuncion_de_Nuestra_Senora_de_Colmenar_Viejo-Colmenar_Viejo.html
colmenar viejo;Basílica de la Asunción de Nuestra Señora de Colmenar Viejo;Además de tener la marca del Camino De Santiago es una gran parte de historia desde románico al barroco, una maravilla digna de visitar despacio para disfrutar su arquitectura y las esculturas de los diferentes altares y los pasos de Semana Santa. No se pierdan las vistas desde la torre y desde el coro de la basílica y su escalinata…;https://www.tripadvisor.es/Attraction_Review-g1063662-d12028621-Reviews-Basilica_de_la_Asuncion_de_Nuestra_Senora_de_Colmenar_Viejo-Colmenar_Viejo.html
colmenar viejo;Basílica de la Asunción de Nuestra Señora de Colmenar Viejo;Espléndida iglesia gótica del siglo XV.  Su sólida aspecto exterior contrasta con su delicado interior. Sorprende encontrar una iglesia de estas dimensiones en un pueblo tan pequeño dicho sea con todos mis respetos. El retablo plateresco de su altar mayor, magnífico.;https://www.tripadvisor.es/Attraction_Review-g1063662-d12028621-Reviews-Basilica_de_la_Asuncion_de_Nuestra_Senora_de_Colmenar_Viejo-Colmenar_Viejo.html
colmenar viejo;Basílica de la Asunción de Nuestra Señora de Colmenar Viejo;Templo muy bien conservado de los siglos XV y XVI muy cerca de Madrid. Merece la pena la visita. Además tiene un pequeño museo de Arte sacro con piezas muy interesantes por un módico precio.;https://www.tripadvisor.es/Attraction_Review-g1063662-d12028621-Reviews-Basilica_de_la_Asuncion_de_Nuestra_Senora_de_Colmenar_Viejo-Colmenar_Viejo.html
colmenar viejo;Basílica de la Asunción de Nuestra Señora de Colmenar Viejo;Es una de esas iglesias que te envuelven en su espacio religioso, y te transportan al mas allá si te dejas llevar. Su sonoridad y su luminosidad a media luz, junto con el espacio relleno de religiosidad, hacen de  esta gran Basílica un lugar ideal para sentir la misa, los que somos cristianos y los demás también pueden ver y sentir su grandiosidad.…;https://www.tripadvisor.es/Attraction_Review-g1063662-d12028621-Reviews-Basilica_de_la_Asuncion_de_Nuestra_Senora_de_Colmenar_Viejo-Colmenar_Viejo.html
colmenar viejo;Gran Hostal El Chiscon Hotel, Colmenar Viejo;Este bonito hotel cuenta con una terraza, que seguramente sea la mas bonita y agradable de Colmenar Viejo, con un potencial increíble ( amplias y arboladas zonas) donde tomar un aperitivo  o un café a media tarde etc.  Pero llegas y que te encuentras? Pues que te encuentras con una terraza con mezcla de mobiliario (algunas sillas y mesas de chiringuito), restos de consumiciones encima de algunas mesas.. pedimos que nos limpiaran una mesa (lo deberían de hacer antes de traernos las consumiciones). Limpiaron nuestra mesa y dejaron otra que tenia restos (tazas )de unas consumiciones anteriores Pedimos una cerveza (pedí una Mahou con copa fría y no tenían ni Mahou ni copa fría, la cerveza que me trajeron estaba entre fría y del tiempo) y un rioja, este estaba frío, mas de la cuenta. Aperitivo, unas simples aceitunas. De cervezas tenían dos marcas (de las menos demandadas para no decir nombres). No entiendo los sitios que tienen solos dos marcas de cervezas (y claramente las menos demandadas. En fin, que no volveremos (a menos que nos enteremos que han cambiado. Y repito, la terraza tiene un potencial, que si la cogiera un profesional le sacaría un rendimiento extraordinario.…;https://www.tripadvisor.es/Hotel_Review-g1063662-d3565576-Reviews-Gran_Hostal_El_Chiscon-Colmenar_Viejo.html
colmenar viejo;Gran Hostal El Chiscon Hotel, Colmenar Viejo;Hostal con encanto en el centro de Colmenar, habitaciones normales para un 3 estrellas, muy buen trato al cliente por parte de todos los trabajadores y muy buena comida casera. Tienen un buen menú diario, tanto a mediodía como por las noches que puedes cargar en la habitación donde estes alojado.;https://www.tripadvisor.es/Hotel_Review-g1063662-d3565576-Reviews-Gran_Hostal_El_Chiscon-Colmenar_Viejo.html
colmenar viejo;Gran Hostal El Chiscon Hotel, Colmenar Viejo;Celebramos cumple de mi hijo mayor, con sus hermanos, hijos , sobrinos y nosotros sus padres, Nos atendieron de principio a fin muy profesional, tienen un camarero de sala que es un verdadero lujo y ademas es de Perú como la novia de mi otro hijo.Los chicos dando guerra comieron bien todo rico, y los mayores muy bien calidad y precio acordes. Nos gusto a todos repetiremos.;https://www.tripadvisor.es/Hotel_Review-g1063662-d3565576-Reviews-Gran_Hostal_El_Chiscon-Colmenar_Viejo.html
colmenar viejo;Gran Hostal El Chiscon Hotel, Colmenar Viejo;La atención de todo el personal fue muy buena y acogedora. Las habitaciones muy limpias y amplias, por lo que todo estaba según lo esperado. Incluso cenamos en el restaruante de la planta baja y el menú fue una opción buenísima! El único punto a mejorar sería la cobertura del wi-fi en las habitaciones.;https://www.tripadvisor.es/Hotel_Review-g1063662-d3565576-Reviews-Gran_Hostal_El_Chiscon-Colmenar_Viejo.html
colmenar viejo;Gran Hostal El Chiscon Hotel, Colmenar Viejo;La habitación era normal, lo que no era normal que debajo de la cama hubiera varias bolsas de plástico, te hace pensar que la limpieza no es muy exigente. Por parte del personal agradable y servicial.;https://www.tripadvisor.es/Hotel_Review-g1063662-d3565576-Reviews-Gran_Hostal_El_Chiscon-Colmenar_Viejo.html
colmenar viejo;Camino de Soto B&B, Soto del Real;Un lugar tranquilo, una casa muy bonita y una gente encantadora. Estuvimos poco tiempo pero es un sitio que recomendamos a cualquiera que quiera estar tranquilo y relativamente cerca de Madrid  Gracias Juan Carlos e Ian;https://www.tripadvisor.es/Hotel_Review-g1026170-d1736361-Reviews-Camino_de_Soto_B_B-Soto_del_Real.html
colmenar viejo;Camino de Soto B&B, Soto del Real;Estuvimos el  15 de agosto y podéis estar seguro que volveremos. El lugar maravilloso, te relaja totalmente y la atención maravillosa. Estuvo mi suegra  con nosotros y salio encantada con el sitio y el trato tan especial que le dieron. A Ian decirle que sus magdalenas y bizcochos estaban riquisimos Gracias por todo;https://www.tripadvisor.es/Hotel_Review-g1026170-d1736361-Reviews-Camino_de_Soto_B_B-Soto_del_Real.html
colmenar viejo;Camino de Soto B&B, Soto del Real;Es un sitio limpio, tranquilo y sobre todo muy acogedor, he pasado unos días con mi hija muy relajados, fuera de cobertura en todos los sentidos, recargamos pilas al 1000 x 1000 mas que un B&B, parece la casa de unos amigos o familiares cercanos, nunca había estado tan a gusto en un sitio que no fuera mi casa, todo lo que se pueda decir es poco para lo que te ofrecen, la hospitalidad, el trato y sobre todo los desayunos que son cien por cien caseros (pan) gran variedad si estas mas de un día, absolutamente detallistas, las fotos y los comentarios se quedan cortos, es para volver siempre que necesites calidad en todos los sentidos.  Verónica-Madrid;https://www.tripadvisor.es/Hotel_Review-g1026170-d1736361-Reviews-Camino_de_Soto_B_B-Soto_del_Real.html
colmenar viejo;Camino de Soto B&B, Soto del Real;Una estancia muy corta pero ideal, totalmente recomendable. La habitación de la última planta es esplendida. Los bizcochos y panes caseros el desayuno ideal... De los pocos sitios en la sierra con vistas a la propia sierra. Sin pretensiones pero mucho gusto.;https://www.tripadvisor.es/Hotel_Review-g1026170-d1736361-Reviews-Camino_de_Soto_B_B-Soto_del_Real.html
colmenar viejo;Camino de Soto B&B, Soto del Real;Es un sitio acogedor, tranquilo, muy limpio,y sobre todo los dueños son encantadoras, hemos pasdo un fin de semana maravilloso. aaaaaah y por un pequeño sobreprecio degustar las cenas que preparan.los anfitriones , que cocinan muy bien. recomiendo los postres y madalenas  p.d. las vistas impresionantes con la sierra de madrid al fondo;https://www.tripadvisor.es/Hotel_Review-g1026170-d1736361-Reviews-Camino_de_Soto_B_B-Soto_del_Real.html
colmenar viejo;UrbanA Tres Cantos Hotel;El hotel está ubicado cerca del centro de Tres Cantos, a 10 minutos andando del RENFE y del ayuntamiento. Esta muy limpio y todo está nuevo. El personal muy atento y amable. El desayuno variado y rico. ;https://www.tripadvisor.es/Hotel_Review-g562662-d20404555-Reviews-UrbanA_Tres_Cantos-Tres_Cantos.html
colmenar viejo;UrbanA Tres Cantos Hotel;Nos sentimos muy agusto La atención es muy familiar  La habitacion es cómoda, buena luz, temperatura adecuada, ya que tiene suelo radiante. En el desayuno, el trato recibido fue muy educado, amable, como si nos conociéramos de mucho tiempo;https://www.tripadvisor.es/Hotel_Review-g562662-d20404555-Reviews-UrbanA_Tres_Cantos-Tres_Cantos.html
colmenar viejo;UrbanA Tres Cantos Hotel;La entrada informatizada esta muy practica y funciona. La habitación y el baño están muy bien y muy limpios. El servicio de desayuno, en cuanto al personal, perfecto, aunque debería de variar en el menú, todos los días, nos presentan lo mismo Si vuelvo, sin duda que repito.;https://www.tripadvisor.es/Hotel_Review-g562662-d20404555-Reviews-UrbanA_Tres_Cantos-Tres_Cantos.html
colmenar viejo;UrbanA Tres Cantos Hotel;Me gustó mucho mi estancia en el hotel. La habitación es muy cómoda y cubre todas las necesidades. No hay ruidos aunque da a una avenida. Nos dieron una habitación preparada para personas con movilidad reducida.  Acceso a la cama, zona para colgar la ropa muy fácil.  El cuarto de baño tiene todos los accesorios para personas con movilidad reducida y tras nuestra sugerencia, van a mejorar el asiento de la ducha.   El desayuno continental  puede mejorar.    Debido a la situación producida por el Covid el restaurante no estaba abierto por lo que no podemos opinar sobre menus etc..  Voy a volver con certeza.;https://www.tripadvisor.es/Hotel_Review-g562662-d20404555-Reviews-UrbanA_Tres_Cantos-Tres_Cantos.html
colmenar viejo;UrbanA Tres Cantos Hotel;El hotel es pequeñito pero la habitación era muy amplia y cómoda, con una limpieza impecable. Además el personal fue muy simpático y atento en todo momento. El desayuno muy rico. Sin duda volvería repetir!;https://www.tripadvisor.es/Hotel_Review-g562662-d20404555-Reviews-UrbanA_Tres_Cantos-Tres_Cantos.html
colmenar viejo;Holiday Inn Express Madrid Tres Cantos Hotel;A mí parecer, es bastante nefasto, para lo que me ha costado 76 por noche...y un desayuno cuanto menos pobre, q no había ni un microondas, la limpieza es muy buena, y las habitaciones grandes, eso si ahora mismo está de reformas, con lo cual es de agradecer ya que la necesitaba, yo recomendaría otros hoteles de la zona, pero si tienes que alojarte allí pues tengo que decir que la estación de cercanías está muy cerca y el personal es amable, en la habitación tienes plancha y un hervidor de agua con infusiones/ café, por lo demás podría mejorar porque hay hoteles con menos estrellas y mas detalles ;https://www.tripadvisor.es/Hotel_Review-g562662-d229440-Reviews-Ramada_by_Wyndham_Madrid_Tres_Cantos-Tres_Cantos.html
colmenar viejo;Holiday Inn Express Madrid Tres Cantos Hotel;Una vez más, ha sido una grata estancia. Para las familias está muy bien. Habitación familiar. Desayuno incluido. Facilidad para aparcar. Y bien conectado con la M-40 y M-30 para las visitas a Madrid y alrededores.;https://www.tripadvisor.es/Hotel_Review-g562662-d229440-Reviews-Ramada_by_Wyndham_Madrid_Tres_Cantos-Tres_Cantos.html
colmenar viejo;Holiday Inn Express Madrid Tres Cantos Hotel;Destacaria su tranquilidad,personal muy amable y detalles como una plancha para ropa y cafetera dentro de la habitacion para tomarse un cafe,desayuno incluido en el precio pero eso si, era el mismo para los tres dias que estuve;https://www.tripadvisor.es/Hotel_Review-g562662-d229440-Reviews-Ramada_by_Wyndham_Madrid_Tres_Cantos-Tres_Cantos.html
colmenar viejo;Holiday Inn Express Madrid Tres Cantos Hotel;Es un hotel que sirve para dormir y poco más. Si vas en familia para tus vacaciones en Madrid no sirve. Está apartado de todo, necesitas ir en coche. Al llegar no está indicado en ningún sitio como entrar al parking, ni siquiera en la reserva te indican como entrar al parking. Te encuentras un parking privado que tienes que pagar si llegas antes de las once de la noche, por tanto el hotel no tiene parking. El personal de recepción muy amable, el del turno de mañana que es solo un apersona se encarga del desayuno y de la recepción. La habitación estaba bien, amplia, limpia, cama cómoda. Hay una mini barra de bar que nunca funciona está permanentemente cerrada, si quieres algo hay unas máquinas de vending con cosas que no sirven para cenar y menos un niño. Tuvimos que pedir a telepizza que es lo unico que puedes comer en la habitacion, ya que el salon tambien esta cerrado. El pasillo tiene una moqueta viejisima, en las paredes hay cuadros rasgados que no retiran. El desayuno es muy muy muy pobre, el pan de molde es tremendo, la máquina de tostar pan funciona durante minutos para sacar el pan igual de blanco que cuando lo metes, el café es malisimo, teniendo en cuenta que las máquinas de café de los hoteles no dan café bueno, este estaba malisimo, las jarras de leche supuestamente caliente , estaban frias. Muy pocas opciones para poner en el pan. En los dos desayunos que hemos tomado en este hotel los croissants se acababan y no reponian más, dentro de la primera hora de desayuno. Nos ha parecido un hotel lamentable para no volver jamas, con lo que cobran es caro porque servicios minimos en este caso son muy minimos. Debería ser más barato por lo que ofrecen y donde están.…;https://www.tripadvisor.es/Hotel_Review-g562662-d229440-Reviews-Ramada_by_Wyndham_Madrid_Tres_Cantos-Tres_Cantos.html
colmenar viejo;Holiday Inn Express Madrid Tres Cantos Hotel;Hotel 3 estrellas, con todo lo necesario para una estancia express, en la que sólo necesitamos desayunar. Es un poco antiguo, gotelé en las paredes, baños con cortina de ducha (es raro encontrarte con eso a estas alturas del siglo XXI) pero todo limpísimo e impoluto. Como sugerencia de mejora, ampliar aforo del comedor, porque se forman colas esperando mesa libre, y tienen bastante espacio en el hall para añadir algunas mesas más.;https://www.tripadvisor.es/Hotel_Review-g562662-d229440-Reviews-Ramada_by_Wyndham_Madrid_Tres_Cantos-Tres_Cantos.html
colmenar viejo;VP Jardín de Tres Cantos Hotel;Soy recepcionista. La chica de la recepción me ha mentido diciendo que no había habitaciones esta noche. O bien han cerrado ventas mal o no han querido. Cualquiera diría que el turismo no esta en crisis con semejante personal que tan poco cuida a los clientes, que a día de hoy, tanta falta hacen en el sector turístico. Nada bueno que comentar. Nunca volveré a consultar disponibilidad en este hotel.;https://www.tripadvisor.es/Hotel_Review-g562662-d234295-Reviews-VP_Jardin_de_Tres_Cantos-Tres_Cantos.html
colmenar viejo;VP Jardín de Tres Cantos Hotel;grandes profesionales. la atención al cliente es excepcional. La limpieza chapeau. Javier y Mercedes son grandes profesionales y excelentes personas. Me hacen sentir como en casa. Respecto a la relación calidad-precio, no hay hotel que le pueda superar. El transporte público está muy cerca.;https://www.tripadvisor.es/Hotel_Review-g562662-d234295-Reviews-VP_Jardin_de_Tres_Cantos-Tres_Cantos.html
colmenar viejo;VP Jardín de Tres Cantos Hotel;Si te has de lojar en Tres Cantos, este hotel es una buena opción. Cómodo, céntrico y con habitaciones amplias. El trato de los empleados correcto, solucionándonos algunas dudas sobre la localidad. Desestimamos la opción del desayuno pues nos pareció algo elevado el precio.;https://www.tripadvisor.es/Hotel_Review-g562662-d234295-Reviews-VP_Jardin_de_Tres_Cantos-Tres_Cantos.html
colmenar viejo;VP Jardín de Tres Cantos Hotel;Una buena ubicación, fácil de acceder a él y próximo a Madrid. Trato afable y familiar del personal que facilita la estancia. Las instalaciones son cómodas y se encuentran cuidadas. Muy buena relación calidad precio. ;https://www.tripadvisor.es/Hotel_Review-g562662-d234295-Reviews-VP_Jardin_de_Tres_Cantos-Tres_Cantos.html
colmenar viejo;VP Jardín de Tres Cantos Hotel;Pasamos un fin de semana en el hotel. El personal fue muy amable con nosotros. La habitación era muy cómoda con una gran calidad-precio. Es un hotel ideal cerca de Madrid. La zona es tranquila con varios restaurantes y con fácil aparcamiento.....Muy recomendable.;https://www.tripadvisor.es/Hotel_Review-g562662-d234295-Reviews-VP_Jardin_de_Tres_Cantos-Tres_Cantos.html
colmenar viejo;Exe Tres Cantos Hotel;Habitación amplia y cama grande y muy comoda. Parking incluido en el precio. Desayuno caro 12 euros persona. Cerca del tren, mercado y ayuntamiento. Reservamos por booking, pero en su web al parecer hay mejores ofertas.;https://www.tripadvisor.es/Hotel_Review-g562662-d319668-Reviews-Exe_Tres_Cantos-Tres_Cantos.html
colmenar viejo;Exe Tres Cantos Hotel;Muchos años viniendo a este hotel y se había convertido en una costumbre animada por la amabilidad del personal de recepción, especialmente Héctor , ahora se ve un cambio, mucho mejor los colchones. El cambio importante en los desayunos, ahora sí son de un hotel de 4*, felicidades a Esther Perez ;https://www.tripadvisor.es/Hotel_Review-g562662-d319668-Reviews-Exe_Tres_Cantos-Tres_Cantos.html
colmenar viejo;Exe Tres Cantos Hotel;Muy bien situado junto al cercanías, mercadona y el parque. Es un hotel muy práctico. Por eso hace que la extraordinaria  atención recibida sea aun mas destacable.  Nos han atendido muy bien.  Bombones,  agua.  Al llegar a la habitación  en la noche y encontrar fruta, pelada,  una agradable sorpresa.  Un desayuno magnífico.  Por cierto,  se duerme genial.  Cama King size y almohadas  varias.   Solo podemos dar las gracias.;https://www.tripadvisor.es/Hotel_Review-g562662-d319668-Reviews-Exe_Tres_Cantos-Tres_Cantos.html
colmenar viejo;Exe Tres Cantos Hotel;La habitación que nos dieron era muy amplia ya que cambian una cama de matrimonio y dos individuales. El desayuno era muy completo y la ubicación ideal para visitar la ciudad. El único fallo fue que al día siguiente a las tres de la tarde todavía no teníamos arreglada la habitación;https://www.tripadvisor.es/Hotel_Review-g562662-d319668-Reviews-Exe_Tres_Cantos-Tres_Cantos.html
colmenar viejo;Exe Tres Cantos Hotel;Me siento estafado y descontento hice una reserva por booking en una noche y a la confirmación me dieron otra fecha distinta a la que reserve pague por adelantado y ni booking ni el hotel hicieron nada por reembolsarme el dinero cobraron un hospedaje del que nunca disfrute y eso que lo comunique al hotel varias veces para que me devolvieran el dinero o me lo dejarán para una futura reserva;https://www.tripadvisor.es/Hotel_Review-g562662-d319668-Reviews-Exe_Tres_Cantos-Tres_Cantos.html
colmenar viejo;Eurostars Madrid Foro Hotel, Tres Cantos;El personal del hotel es de una calidad humana excepcional, intentan hacer lo que pueden pese a que la dirección del hotel no deja de poner trabas, me encuentro bajo la influencia de la borrasca filomena, el hotel se encuentra incomunicado, hay dos chicas para atender a decenas de personas, haciendo lo que puede, triplicando turno, la dirección de este hotel solo hace ponerles problemas, es de vergüenza, sin servicio de habitaciones, sin nada de comer más que un simple panecillo con embutido a tres euros,es lamentable el estado de este hotel que, pese a la alarma no se han preprarado, menuda lástima de visita, la confortabilidad es nula, y es una pena porque la recepcionista está haciendo todo lo que puede, la dirección es simplemente un lastre. No recomiendo este hotel, ni ninguno de la cadena.…;https://www.tripadvisor.es/Hotel_Review-g562662-d11737621-Reviews-Eurostars_Madrid_Foro-Tres_Cantos.html
colmenar viejo;Eurostars Madrid Foro Hotel, Tres Cantos;Las zonas comunes del hotel son especialmente bonitas y lujosas (parece un 5 estrellas). Las habitaciones amplias y con todo lo necesario. El trato del personal excelente. Todos los detalles apuntan a una estrella más de las que tiene. En su contra diría que por su situación, casi que hay que utilizar vehículo para todo (salvo que utilices el tren de cercanías a Madrid, dado que la estación está muy cerca), pero a cambio el parking subterráneo es gratuito. Por otra parte me hubiera gustado que el bar cerrara algo más tarde de las 23 horas. En cualquier caso es una opción totalmente recomendable.;https://www.tripadvisor.es/Hotel_Review-g562662-d11737621-Reviews-Eurostars_Madrid_Foro-Tres_Cantos.html
colmenar viejo;Eurostars Madrid Foro Hotel, Tres Cantos;He pasado un fin de semana con familia y unos amigos. La verdad es que es la primera vez que nos alojabamos en esta cadena. Nada mas entrar nos quedamos con la boca abierta. Parece un teatro  y con una escalera imponente con su alfombra roja. Desde la recepcion pasando por las modernas habitaciones con hidromasaje, y todos los detalles que uno puede necesitar y destaca la limpieza. Hasta el buffet del desayuno muy completo. El personal muy atento. Dispone de parking propio. ;https://www.tripadvisor.es/Hotel_Review-g562662-d11737621-Reviews-Eurostars_Madrid_Foro-Tres_Cantos.html
colmenar viejo;Eurostars Madrid Foro Hotel, Tres Cantos;Es la segunda vez que voy a este hotel y he repetido porque las habitaciones son espaciosas y la cama confortable. Pero he de decir que esta vez nos asignaron una habitación peor y además el baño emanaba un olor horrible que llegaba hasta la habitación...por lo demas he de decir que el bufet es muy completo y muy rico;https://www.tripadvisor.es/Hotel_Review-g562662-d11737621-Reviews-Eurostars_Madrid_Foro-Tres_Cantos.html
colmenar viejo;Eurostars Madrid Foro Hotel, Tres Cantos;La habitación nos costo 45€ y era enorme, limpia y con bañera hidromasaje. Todo estaba muy limpio y ordenado. El personal muy atento y agradable. Recomendable totalmente. Volveríamos sin duda alguna. Lo único malo, que éramos una pareja y nos pusieron dos camas individuales juntas porque no les quedaban de matrimonio.;https://www.tripadvisor.es/Hotel_Review-g562662-d11737621-Reviews-Eurostars_Madrid_Foro-Tres_Cantos.html
colmenar viejo;Hostal Tres Cantos;Lugar sencillo, pero muy agradable, las habitaciones limpias, cómodas y completas, la cama muy cómoda. El personal muy amable, en especial Fernanda (una genia). El desayuno muy bueno.  Volveré sin dudas Carolina;https://www.tripadvisor.es/Hotel_Review-g562662-d4437556-Reviews-Hostal_Tres_Cantos-Tres_Cantos.html
colmenar viejo;Hostal Tres Cantos;La estancia estuvo muy bien, no pusieron ningún problema por llevar a mi perra, el sitio muy limpio y el personal agradable. El hostal está muy cerca de restaurantes, parques... una buena ubicación, la estancia muy agradable;https://www.tripadvisor.es/Hotel_Review-g562662-d4437556-Reviews-Hostal_Tres_Cantos-Tres_Cantos.html
colmenar viejo;Hostal Tres Cantos;Si buscas un hostal económico sin muchas pretensiones este es ideal. Las habitaciones reformadas y limpias (limpieza a diario si quieres). El desayuno austero, pero suficiente (queso y jamón York, zumo de naranja, café, infusión..., y ensaimadas, conchas y magdalenas). El domingo había porras!!! Encuentro la zona del desayuno un poco pequeña, solo tres mesas, pero tuvimos suerte los tres dias y solo coincidíamos dos mesas. Los colchones se hunden un poco. Hay nevera en las habitaciones y aire acondicionado. La wifi no llega con cobertura suficiente a las habitaciones del fondo. El persona muy amable, especialmente Kati, q limpiaba y atendía por las mañanas;https://www.tripadvisor.es/Hotel_Review-g562662-d4437556-Reviews-Hostal_Tres_Cantos-Tres_Cantos.html
colmenar viejo;Hostal Tres Cantos;El trato del personal muy cordial. Aire acondicionado en la habitación, limpieza excelente, camas bastante cómodas, pequeño frigorífico en la habitación (nos ha permitido tener agua fresca en plena ola de calor) y televisión plana. Además hay wifi y nos han dado de desayunar sin coste alguno. Muy aconsejable.;https://www.tripadvisor.es/Hotel_Review-g562662-d4437556-Reviews-Hostal_Tres_Cantos-Tres_Cantos.html
colmenar viejo;Hostal Tres Cantos;Llegamos al sitio y vimos que era muy barato y entonces lo cojemos. Gran error, la habitación malísima, el baño enano y casi no puedes entrar a el, la atención deja bastante que desear, y el desayuno es bastante pobre y cutre, aparte que el internet no funciona. A veces lo barato sale caro.;https://www.tripadvisor.es/Hotel_Review-g562662-d4437556-Reviews-Hostal_Tres_Cantos-Tres_Cantos.html
colmenar viejo;De Lucas Restaurante, Colmenar Viejo;La comida es muy buena. Lo único malo que tienen es el griterío que había en el restaurante el día que fuimos;https://www.tripadvisor.es/Restaurant_Review-g1063662-d10915794-Reviews-De_Lucas_Restaurante-Colmenar_Viejo.html
colmenar viejo;De Lucas Restaurante, Colmenar Viejo;Comida de aniversario, el trato muy bueno y, los platos sorprendentes a la vez que curiosos, a destacar las zamburiñas con algas, así como la  ensalada templada de langostinos, originales también los sorbetes, recomendable;https://www.tripadvisor.es/Restaurant_Review-g1063662-d10915794-Reviews-De_Lucas_Restaurante-Colmenar_Viejo.html
colmenar viejo;De Lucas Restaurante, Colmenar Viejo;"La comida, el trato, todo es excelente en de lucas.
Esta vez me anime por la merluza en salsa de carabineros y fue un gran acierto!!!
Relacion calidad precio inmejorable.";https://www.tripadvisor.es/Restaurant_Review-g1063662-d10915794-Reviews-De_Lucas_Restaurante-Colmenar_Viejo.html
colmenar viejo;De Lucas Restaurante, Colmenar Viejo;Hemos venido varías veces desde que unos amigos nos lo enseñaron , y siempre , siempre, un éxito a quien se lo enseño. El trato perfecto , cordial , cercano y muy pendiente . La comida espectacular . Solo he hecho fotos de los postres;https://www.tripadvisor.es/Restaurant_Review-g1063662-d10915794-Reviews-De_Lucas_Restaurante-Colmenar_Viejo.html
colmenar viejo;De Lucas Restaurante, Colmenar Viejo;He repetido varias veces y no defrauda nunca. Comida exquisita, para disfrutar cada bocado, se nota la atención y esmero en la elaboración de cada plato, y con productos de calidad. Me gusta que vayan sacando cada plato para poder degustarlos de uno en uno...y están pendientes para en cuanto acabas uno tener recién preparado el siguiente. La atención del personal de 10, muy educados y atentos. Y el lugar es muy acogedor.Más;https://www.tripadvisor.es/Restaurant_Review-g1063662-d10915794-Reviews-De_Lucas_Restaurante-Colmenar_Viejo.html
colmenar viejo;De Lucas Restaurante, Colmenar Viejo;Estábamos buscando un restaurante para comer en la zona y vimos las buenas referencias que tenía éste, así que nos animamos a reservar después de ver la buena pinta que tenía todo en las fotos. En efecto, fue un gran acierto. Todo muy rico y...vistoso, bodega interesante y con buenos precios, y muy buen servicioMás;https://www.tripadvisor.es/Restaurant_Review-g1063662-d10915794-Reviews-De_Lucas_Restaurante-Colmenar_Viejo.html
colmenar viejo;De Lucas Restaurante, Colmenar Viejo;En nuestra búsqueda de restaurantes por esta zona, dimos con el por casualidad. La calidad de todos los aspectos que nos recibieron durante la comida: servicio, platos, carta de vinos... fue abrumadora. Son de esas casualidades que no lo parecen tanto. Altamente recomendable son las...zamburiñas salteadas y el salmón ahumado.Más;https://www.tripadvisor.es/Restaurant_Review-g1063662-d10915794-Reviews-De_Lucas_Restaurante-Colmenar_Viejo.html
colmenar viejo;De Lucas Restaurante, Colmenar Viejo;"Como siempre genial , trato excelente , se come calidad. Y una relación calidad /precio aceptable 

Siempre que estoy por Colmenar Viejo comemos aquí, y seguiré viniendo para probar toda la carta 

Gracias Joel por estar tan atento y dar un servicio excelente";https://www.tripadvisor.es/Restaurant_Review-g1063662-d10915794-Reviews-De_Lucas_Restaurante-Colmenar_Viejo.html
colmenar viejo;De Lucas Restaurante, Colmenar Viejo;Es un restaurante al que vamos cuando tenemos oportunidad porque sus platos son excelentes. Acogedor y con un servicio exquisito, y una relación calidad precio inmejorable.;https://www.tripadvisor.es/Restaurant_Review-g1063662-d10915794-Reviews-De_Lucas_Restaurante-Colmenar_Viejo.html
colmenar viejo;De Lucas Restaurante, Colmenar Viejo;La comida es realmente lo importante,...ingrediente de calidad, sabores encontrados, tiempos de cocción, decoración, olor..etc.. pero la experiencia se hace superlativa cuando el servicio del Maitre y los camareros rozan la excelencia en su trabajo.  El vino...”abadía Retuerta” no falla los sentidos se agudizan y...en conjunto la comida su hace junto con la compañía insuperable. Gracias por un trabajo bien ejecutado, el disfrute está asegurado... Larga vida a “De Lucas” y su personal.!!!! GraciasMás;https://www.tripadvisor.es/Restaurant_Review-g1063662-d10915794-Reviews-De_Lucas_Restaurante-Colmenar_Viejo.html
colmenar viejo;Casa Ferreira, Colmenar Viejo;Restaurante donde el precio y la calidad se llevan bien el servicio es muy adecuado y si hay que decir algo en contra es que la insonorización es bastante mala;https://www.tripadvisor.es/Restaurant_Review-g1063662-d4924547-Reviews-Casa_Ferreira-Colmenar_Viejo.html
colmenar viejo;Casa Ferreira, Colmenar Viejo;"Hemos venido por primera vez a este sitio y hemos salido encantados.
Todo muy bueno, ensalada de perdiz, revuelto de carrillos , revuelto de morcilla y, sobretodo, unas zamburiñas espectaculares. Volveremos.";https://www.tripadvisor.es/Restaurant_Review-g1063662-d4924547-Reviews-Casa_Ferreira-Colmenar_Viejo.html
colmenar viejo;Casa Ferreira, Colmenar Viejo;"He acudido hoy a comer al restaurante y no puedo poner otra puntuación que un 10.
La calidad y el sabor de cada producto es espectacular y el trato y servicio de cada uno de los miembros del personal también perfecto.
Repetiremos sin duda alguna....Muchas gracias a todos!!Más";https://www.tripadvisor.es/Restaurant_Review-g1063662-d4924547-Reviews-Casa_Ferreira-Colmenar_Viejo.html
colmenar viejo;Casa Ferreira, Colmenar Viejo;No es la primera vez que vamos a comer a este restaurante. La cocina es fantástica y el servicio profesional y amable. Recomiendo las zamburiñas a la plancha y las croquetas de chipirones en su tinta, estupendas.;https://www.tripadvisor.es/Restaurant_Review-g1063662-d4924547-Reviews-Casa_Ferreira-Colmenar_Viejo.html
colmenar viejo;Casa Ferreira, Colmenar Viejo;Estuvimos de cena de empresa y excelente trato por parte del personal y lo que respecta la comida de muy buena de calidad.;https://www.tripadvisor.es/Restaurant_Review-g1063662-d4924547-Reviews-Casa_Ferreira-Colmenar_Viejo.html
colmenar viejo;Casa Ferreira, Colmenar Viejo;Muy buena cocina y excelente servicio. Acogedor. Muy buen género. Recomendable. Reservar con antelación;https://www.tripadvisor.es/Restaurant_Review-g1063662-d4924547-Reviews-Casa_Ferreira-Colmenar_Viejo.html
colmenar viejo;Casa Ferreira, Colmenar Viejo;"Buena calidad y mejor servicio.
Platos bien elaborados de la cocina tradicional española. 
Platos especiales fuera de carta muy recomendables.";https://www.tripadvisor.es/Restaurant_Review-g1063662-d4924547-Reviews-Casa_Ferreira-Colmenar_Viejo.html
colmenar viejo;Casa Ferreira, Colmenar Viejo;"He acudido en dos ocasiones diferentes y las dos me han sorprendido con platos no habituales en otros restaurantes 
El primer día unas manitas de cordero exquisitas y el segundo día unas corugas buenísimas 
También ha destacar las croquetas de chipirones";https://www.tripadvisor.es/Restaurant_Review-g1063662-d4924547-Reviews-Casa_Ferreira-Colmenar_Viejo.html
colmenar viejo;Casa Ferreira, Colmenar Viejo;"No esta mal. Producto razonable y relación con precio adecuada. Pulpo y carne muy rica. 
Yo mejoraría los postres.";https://www.tripadvisor.es/Restaurant_Review-g1063662-d4924547-Reviews-Casa_Ferreira-Colmenar_Viejo.html
colmenar viejo;Casa Ferreira, Colmenar Viejo;"Hoy hemos ido a comer, nos han puesto al lado de una mesa con bastantes comensales, por cierto muy educados, los decibelios eran bajos 
El servicio muy bueno y la comida realmente adecuada : una ensalada recomendada, unas vieras buenas y un rodaballo bien hecho...Volveremos!Más";https://www.tripadvisor.es/Restaurant_Review-g1063662-d4924547-Reviews-Casa_Ferreira-Colmenar_Viejo.html
colmenar viejo;Lamadrid, Colmenar Viejo;"La verdad es que no hemos podido estar mejor atendidos. Fuimos ayer 13 personas y se desvivieron por colocarnos a todos, atendernos bien y darnos de comer magníficamente.
Servicio y calidad, fantástico. 
PLATOS TOP: El crep de setas, las alcachofas (súper ricas), el tartar de...atún y la tarta de queso (una delicia). Muchas graciasMás";https://www.tripadvisor.es/Restaurant_Review-g1063662-d11705898-Reviews-Lamadrid-Colmenar_Viejo.html
colmenar viejo;Lamadrid, Colmenar Viejo;Ha sido un placer comer en LaMadrid. Trato estupendo, comida muy elaborada y sabrosa. Precio acorde. Volveré !!;https://www.tripadvisor.es/Restaurant_Review-g1063662-d11705898-Reviews-Lamadrid-Colmenar_Viejo.html
colmenar viejo;Lamadrid, Colmenar Viejo;Hemos estado celebrando hoy el Día del Padre y la experiencia ha sido estupenda. Muy buen ambiente, los camareros amables sin agobiar, el rapito negro... ah, excelente. Y el postre de la torrija con crema de orujo... Vamos, que según escribo ya me están dando...ganas de volver. Volveremos pronto, seguro.Más;https://www.tripadvisor.es/Restaurant_Review-g1063662-d11705898-Reviews-Lamadrid-Colmenar_Viejo.html
colmenar viejo;Lamadrid, Colmenar Viejo;Un verdadero lujo descubrir un restaurante donde se mima el producto de calidad, la presentacion y el servicio. Restaurante discreto que huye de la pomposidad actual y basa todo en una perfecta mezcla entre un excelente trabajo del chef y un equipo de sala profecional....De 10 . Precio super correctoMás;https://www.tripadvisor.es/Restaurant_Review-g1063662-d11705898-Reviews-Lamadrid-Colmenar_Viejo.html
colmenar viejo;Lamadrid, Colmenar Viejo;"Nunca pensarías que camino a la estación del tren, encontraríamos esta joya culinaria. Reservamos por probar, guiados nuevamente por los comentarios y más que satisfechos y con las expectativas sobradamente cumplidas. 

Comimos por encima de lo esperado, porque ya digo que la carta invitaba a...pedirlo todo. Al mismo tiempo, los empleados geniales, todo perfecto y con una sonrisa (aunque oculta por la mascarilla) siempre.

Vamos a repetir, y es un fijo ya en nuestro catálogo de restaurantes, porque es un valor seguro.Más";https://www.tripadvisor.es/Restaurant_Review-g1063662-d11705898-Reviews-Lamadrid-Colmenar_Viejo.html
colmenar viejo;Lamadrid, Colmenar Viejo;"Me sorprendió para bien, platos novedosos y de gran calidad, probamos 4 entrantes, cada cual mejor, cantidad perfecta para compartir. 
La atención fue excelente.
Repetiré seguro";https://www.tripadvisor.es/Restaurant_Review-g1063662-d11705898-Reviews-Lamadrid-Colmenar_Viejo.html
colmenar viejo;Lamadrid, Colmenar Viejo;"Excelente comida y excelente trato.
Un menú del día de mucha calidad y precio más que razonable.
Repetiremos seguro.";https://www.tripadvisor.es/Restaurant_Review-g1063662-d11705898-Reviews-Lamadrid-Colmenar_Viejo.html
colmenar viejo;Lamadrid, Colmenar Viejo;"El domingo estuvimos cenando en este estupendo restaurante. Era nuestro aniversario, y aunque ya habíamos ido más veces, optamos por repetir porque nunca defrauda.
La comida riquísima y el trato excepcional.
 El crep de setas estaba espectacular, y el postre ""el huevo"" recomendado por el...camarero, realmente bueno.

Seguiremos repitiendo en este magnífico restaurante.Más";https://www.tripadvisor.es/Restaurant_Review-g1063662-d11705898-Reviews-Lamadrid-Colmenar_Viejo.html
colmenar viejo;Lamadrid, Colmenar Viejo;"Pedimos ensaladilla, rabas,croquetas, burratina, chipirones y una torrija.

Todo estaba buenísimo, recomendable al 100%";https://www.tripadvisor.es/Restaurant_Review-g1063662-d11705898-Reviews-Lamadrid-Colmenar_Viejo.html
colmenar viejo;Lamadrid, Colmenar Viejo;Buscaba un sitio donde comer algo de pescado y he salido encantado. La merluza que he pedido estaba deliciosa. También destaco unas rabas que me han puesto como aperitivo... hacía tiempo que no me sabían tan bien como éstas.;https://www.tripadvisor.es/Restaurant_Review-g1063662-d11705898-Reviews-Lamadrid-Colmenar_Viejo.html
colmenar viejo;Restaurante Mexicano Limón y Sal, Colmenar Viejo;"Soy periodista y, como deformación profesional, procedo a relatar los hechos para que sea el usuario de esta página web el que juzgue por sí mismo. 
En febrero de 2021 acudimos mi pareja y yo a este restaurante y quedamos encantados. Comida excelente y bien...atendidos, tanto que, al expresar lo mucho que nos había gustado la mesa en la que nos situaron, el dueño del local nos dijo que, para sucesivas ocasiones, pidiéramos esa mesa al reservar.
Dos meses después, levanté el teléfono a las 5 de la tarde para hacer una reserva para esa noche. El dueño del restaurante me dijo, muy amablemente, que me reservaba la mesa 5 “sin problema y pudiendo acudir a partir de las 21.00 horas”.
Llega la hora reservada y llegamos al local, pero, para sorpresa nuestra, la mesa estaba ocupada. Vamos a ser realistas: una mesa es una mesa, qué más da, es lo de menos.
El dueño nos reubicó en otra mesa y le expusimos que nos daba igual, pero que nos parecía “feo” que por teléfono nos hubiese dicho una cosa y luego fuese otra. Él nos dijo que las mesas se guardaban si había disponibilidad y que se le había olvidado decírnoslo. Ok, un lapsus lo tenemos todos en nuestros trabajos.
A punto de pedir ya, el dueño volvió a pedirnos disculpas y nos dijo en un par de ocasiones que, si no nos gustaba la mesa nos podíamos ir. Al final le preguntamos si es que él no nos quería servir, a lo que contestó: pues a lo mejor no.
Hasta aquí el relato de los hechos, a lo que añado, ahora ya como clienta, lo siguiente: repito, una mesa es una mesa y nos da igual, pero si las has “liado” y al cliente le has dicho una cosa y luego has hecho otra, no te queda otra que, con una sonrisa y un poquito de humildad, salir de la situación como puedas. Nosotros estábamos dispuestos a cenar ahí pero, si te dicen que no te quieren atender, no te queda otra que levantarte e irte, no sin cierta humillación pública por su parte. Solo me dio pena por su pobre hija, que aguantó el chaparrón también como pudo. 
Sin entrar a juzgar en si esta persona tenía un día malo (como podemos tener todos) sin más o si se trata de problemas de otra índole (en febrero fue un amor, en abril ya no tanto), en el fondo me alegro por él: con la que está cayendo para la hostelería, a él no debe de irle muy mal para perder dos clientes. Una pena todo. Si algún día lee este mensaje y le apetece debatir más el asunto, tiene mi número de la reserva. Estaré encantada.Más";https://www.tripadvisor.es/Restaurant_Review-g1063662-d13298674-Reviews-Restaurante_Mexicano_Limon_y_Sal-Colmenar_Viejo.html
colmenar viejo;Restaurante Mexicano Limón y Sal, Colmenar Viejo;Un buen sitio para ir en familia, muy acogedor y la comida muy rica, mis hijos me piden volver...asi que volveremos!;https://www.tripadvisor.es/Restaurant_Review-g1063662-d13298674-Reviews-Restaurante_Mexicano_Limon_y_Sal-Colmenar_Viejo.html
colmenar viejo;Restaurante Mexicano Limón y Sal, Colmenar Viejo;"De lunes a viernes en comidas, por 14€: entrante, principal, postre y bebida. Un gran descubrimiento este menú del día. 
Muy recomendable. Eso sí, id con hambre porque la cantidad es muy abundante! Si eres de los que prefieren no comer mucho evita los nachos...como entrante, pues es tal la cantidad que llega a empachar. Adjunto foto de los entrantes. 
El servicio de 10, pero nada nuevo, es a lo que acostumbra el dueño del restaurante en nuestra ultimas visitas. 
Seguiremos yendo.Más";https://www.tripadvisor.es/Restaurant_Review-g1063662-d13298674-Reviews-Restaurante_Mexicano_Limon_y_Sal-Colmenar_Viejo.html
colmenar viejo;Restaurante Mexicano Limón y Sal, Colmenar Viejo;"Como amante de la gastronomía mexicana y conocedora este no es un un auténtico restaurante mexicano. Es un restaurante con total adaptación al paladar europeo. Como concepto está bien para el que no sabe de esta cocina y claro en colmenar no hay nada más..., pero el que realmente quiere sabores auténticos o recuerdos de su tierra no es tu sitio . 

Excesivamente caro para la calidad y cantidad que dan . El único plato razonable son los nachos que aparte de ser gran cantidad lo único bueno le falta ingredientes mexicanos carne picada frijoles y pico de gallo con más sabor a limón y cilantro .  

El plato de la foto escaso pata 23€ y las fajitas de fábrica y no son de maíz son de harina . 
Lo siento pero no puedo decir que volveré. Necesitan un bien cocinero mexicano o alguien con ganas de meter recetas auténticas y el picante y sus salsas típicas.Más";https://www.tripadvisor.es/Restaurant_Review-g1063662-d13298674-Reviews-Restaurante_Mexicano_Limon_y_Sal-Colmenar_Viejo.html
colmenar viejo;Restaurante Mexicano Limón y Sal, Colmenar Viejo;"Comida muy sabrosa y auténtica! La atención de 10 y de precio muy razonable. Las raciones son muy generosas y tienen variedad de carta.

La única pega (por poner una) que podría ponerle es que me dió la impresión de que los nachos eran de...bolsa y atendiendo que todo lo demás parecía muy casero llamaba la atención, no me habría importado pagar un poco más por unos buenos nachos hechos con su masa casera.

Muchas gracias por la experiencia :)Más";https://www.tripadvisor.es/Restaurant_Review-g1063662-d13298674-Reviews-Restaurante_Mexicano_Limon_y_Sal-Colmenar_Viejo.html
colmenar viejo;Restaurante Mexicano Limón y Sal, Colmenar Viejo;La comida está buenísima, y el servicio muy atento siempre. Encantadores. El menú estaba perfecto de cantidad y de precio.  Uno de los mejores mexicanos que he probado, para repetir;https://www.tripadvisor.es/Restaurant_Review-g1063662-d13298674-Reviews-Restaurante_Mexicano_Limon_y_Sal-Colmenar_Viejo.html
colmenar viejo;Restaurante Mexicano Limón y Sal, Colmenar Viejo;"Un mexicano en Colmenar Viejo con servicio a domicilio.
Rápidos.
Comida con sabor, raciones más que suficientes y precios moderados.";https://www.tripadvisor.es/Restaurant_Review-g1063662-d13298674-Reviews-Restaurante_Mexicano_Limon_y_Sal-Colmenar_Viejo.html
colmenar viejo;Restaurante Mexicano Limón y Sal, Colmenar Viejo;Amabilidad y cocina de 10!todo riquísimo y muy bien elaborado!una muy grata sorpresa tras un día de ruta en la sierra.;https://www.tripadvisor.es/Restaurant_Review-g1063662-d13298674-Reviews-Restaurante_Mexicano_Limon_y_Sal-Colmenar_Viejo.html
colmenar viejo;Restaurante Mexicano Limón y Sal, Colmenar Viejo;"Siempre que vamos salimos encantados. La comida buenísima , mucha variedad y precios muy buenos. Además son encantadores y da gusto que te atiendan así de bien. 

Super recomendable!";https://www.tripadvisor.es/Restaurant_Review-g1063662-d13298674-Reviews-Restaurante_Mexicano_Limon_y_Sal-Colmenar_Viejo.html
colmenar viejo;Restaurante Mexicano Limón y Sal, Colmenar Viejo;"Buena comida, y muy buen trato. La relación calidad precio es satisfactoria.
Es un restaurante familiar, muy acogedor.";https://www.tripadvisor.es/Restaurant_Review-g1063662-d13298674-Reviews-Restaurante_Mexicano_Limon_y_Sal-Colmenar_Viejo.html
colmenar viejo;PASTELERÍA ARTESANAL MANOLO E HIJOS, Colmenar Viejo;Más que una opinión es una solicitud, por favor queréis darle más tiempo de horno a los manolitos esos, al ser congelados no están hechos por fuera y son una pasta semi cocida por dentro. Comprados en marqués de santillana está mañana, no hablo de...hace tiempo. Gracias por vuestra comprensión. Sería un detalle al precio que vendéis un producto fabricado en una multinacional del ramo.Más;https://www.tripadvisor.es/Restaurant_Review-g1063662-d7086387-Reviews-PASTELERIA_ARTESANAL_MANOLO_E_HIJOS-Colmenar_Viejo.html
colmenar viejo;PASTELERÍA ARTESANAL MANOLO E HIJOS, Colmenar Viejo;"Agradable pastelería para desayunar, merendar... Y no dejar de probar sus Manolitos. Servicio atento.

Tiene terraza.";https://www.tripadvisor.es/Restaurant_Review-g1063662-d7086387-Reviews-PASTELERIA_ARTESANAL_MANOLO_E_HIJOS-Colmenar_Viejo.html
colmenar viejo;PASTELERÍA ARTESANAL MANOLO E HIJOS, Colmenar Viejo;"Pastelería tradicional con servicio de mesa.
Desayunos, cafés, bollería, panadería, heladería, tartas, pasteles.
Sus precios no son bajos... y en algún caso la atención ha sido algo seca, rozando la bordería.";https://www.tripadvisor.es/Restaurant_Review-g1063662-d7086387-Reviews-PASTELERIA_ARTESANAL_MANOLO_E_HIJOS-Colmenar_Viejo.html
colmenar viejo;PASTELERÍA ARTESANAL MANOLO E HIJOS, Colmenar Viejo;Muy buena calidad en todos sus productos bien elaborados con artesania y muy buena materia prima, excelentes los manolitos de todas las clases;https://www.tripadvisor.es/Restaurant_Review-g1063662-d7086387-Reviews-PASTELERIA_ARTESANAL_MANOLO_E_HIJOS-Colmenar_Viejo.html
colmenar viejo;PASTELERÍA ARTESANAL MANOLO E HIJOS, Colmenar Viejo;No están mal, pero tampoco para tirar cohetes, los he comido mejores. Además parece ser que la masa no es elaborada artesanalmente si no que llega ultracongelada desde una empresa catalana, lo que añade un agravante por la falsedad de una publicidad que no es...cierta al vender como artesanal algo que es industrial.Más;https://www.tripadvisor.es/Restaurant_Review-g1063662-d7086387-Reviews-PASTELERIA_ARTESANAL_MANOLO_E_HIJOS-Colmenar_Viejo.html
colmenar viejo;PASTELERÍA ARTESANAL MANOLO E HIJOS, Colmenar Viejo;En la tienda que tienen abierta en el CC de Loranca, he comprado un surtido de 8 unidades (5,60€) a razón de 0,70€ la pieza y sorprendentemente, son unos croissants muy pastosos y poco crujientes. Esto según  los compramos por la tarde, porque al día...siguiente por la mañana, estaban mucho peor. Es una engañifa.Más;https://www.tripadvisor.es/Restaurant_Review-g1063662-d7086387-Reviews-PASTELERIA_ARTESANAL_MANOLO_E_HIJOS-Colmenar_Viejo.html
colmenar viejo;PASTELERÍA ARTESANAL MANOLO E HIJOS, Colmenar Viejo;El café delicioso y los manolitos riquísimos como siempre, la atención  gentil y cuidada, vuelvo cada que tengo que hacer tiempo en algún sitio cercano;https://www.tripadvisor.es/Restaurant_Review-g1063662-d7086387-Reviews-PASTELERIA_ARTESANAL_MANOLO_E_HIJOS-Colmenar_Viejo.html
colmenar viejo;PASTELERÍA ARTESANAL MANOLO E HIJOS, Colmenar Viejo;"Una pasteleria con productos de calidad, sus famosos Manolitos no faltan en las calebraciones de casa. Sus tartas y pastas estan deliciosas
Voy habitualmente. Su ubicacion tambien es excelente.";https://www.tripadvisor.es/Restaurant_Review-g1063662-d7086387-Reviews-PASTELERIA_ARTESANAL_MANOLO_E_HIJOS-Colmenar_Viejo.html
colmenar viejo;PASTELERÍA ARTESANAL MANOLO E HIJOS, Colmenar Viejo;"Buenísima calidad y mejor servicio. 
Variedad de dulces, bombones y tartas.
Han añadido productos salados. 
Amplia gama de distintos panes.";https://www.tripadvisor.es/Restaurant_Review-g1063662-d7086387-Reviews-PASTELERIA_ARTESANAL_MANOLO_E_HIJOS-Colmenar_Viejo.html
colmenar viejo;PASTELERÍA ARTESANAL MANOLO E HIJOS, Colmenar Viejo;Esta bien decorada, moderna, amplia, elegante y tradicional. Sus generos estan bien dentro de una normalidad en pastelería, el personal es lento y poco profesional. Y los famosos Manolitos, ¡¡contra gustos no hay nada escrito!! hace unos años estaban mas ricos.;https://www.tripadvisor.es/Restaurant_Review-g1063662-d7086387-Reviews-PASTELERIA_ARTESANAL_MANOLO_E_HIJOS-Colmenar_Viejo.html
colmenar viejo;la taberna de Manolo, Colmenar Viejo;"Este restaurante tiene unas hamburguesas increíbles, he ido ya muchas veces, y las hamburguesas me han encantado, pero los sandwiches mixtos con bacon huevos y de todo me han parecido de lo mejor.

Ademas de todo eso, el precio no es para nada alto, una...hamburguesa no te vales más de 6€, por lo menos la que yo me pido.

Finalmente, concluir con que esté restaurante es mi opción favorita a la hora de cenar por colmenar viejo, ya que es una opción increíble, reservas, vas y cenas muy rico y no siendo caro.

Por último añadir que yo no he tenido ningún problema por el restaurante, ni con empleados ni con nadie.Más";https://www.tripadvisor.es/Restaurant_Review-g1063662-d3947061-Reviews-La_taberna_de_Manolo-Colmenar_Viejo.html
colmenar viejo;la taberna de Manolo, Colmenar Viejo;Nos encanta venir de vez en cuando. Experiencia que recomendamos a todo el mundo. No conozco a nadie que después de la doble se pida postre. Como para pedir la triple.;https://www.tripadvisor.es/Restaurant_Review-g1063662-d3947061-Reviews-La_taberna_de_Manolo-Colmenar_Viejo.html
colmenar viejo;la taberna de Manolo, Colmenar Viejo;No puedo poner ningún pero a este sitio. Como mucho que cuesta un poco encontrarlo. Fuimos tres un domingo para comer. A pesar de llegar un poco tarde, casi a las cuatro, nos han atendido a la primera, sin esperas y sin reproches. Unos nachos...de entrante, con queso y cebolla pochada. Excelentes y una ración más que abundante. Tres hamburguesas insuperables, la Gerardo, la Loreto y la Juani Bacon, más dos copas de cervezas y un refresco. Todo por sólo 40€. Volveremos, sin duda.Más;https://www.tripadvisor.es/Restaurant_Review-g1063662-d3947061-Reviews-La_taberna_de_Manolo-Colmenar_Viejo.html
colmenar viejo;la taberna de Manolo, Colmenar Viejo;"Este sitio es un clásico de colmenar. Si vives por la sierra o cerca de ella, tienes que venir a Manolo.
Es un sitio típico en el que comerte una hamburguesa para cenar con tus amigos o en pareja.
Para mí, la mejor de todas...es una hamburguesa de pollo que la llaman “Juani bacon” con salsa barbacoa... excelente.
Siempre que voy con los amigos, pido esa. Cómo será, que de 10 personas que fuimos, en la mesa pedimos 8 personas la misma!! Los otros dos pidieron un plato combinado y otro una ensalada.
De entrantes se suelen pedir los típicos fingers de queso, aros de cebolla, patatas o fingers de pollo.
Todo muy rico.
Y luego el precio es bastante barato, solemos salir por unos 15€ por persona.
También te puedes pedir una copa allí sin problema.Más";https://www.tripadvisor.es/Restaurant_Review-g1063662-d3947061-Reviews-La_taberna_de_Manolo-Colmenar_Viejo.html
colmenar viejo;la taberna de Manolo, Colmenar Viejo;Buenas hamburguesas. Todo es grande. El servicio es rápido. Suele estar lleno. Manolo siempre muy cordial con todo el mundo.;https://www.tripadvisor.es/Restaurant_Review-g1063662-d3947061-Reviews-La_taberna_de_Manolo-Colmenar_Viejo.html
colmenar viejo;la taberna de Manolo, Colmenar Viejo;Desde hace años Manolo ha estado asociado a las hamburguesas, tanto en Colmenar Viejo como en Soto el Real, es una tradición en la zona y un referente del buen trato y calidad.;https://www.tripadvisor.es/Restaurant_Review-g1063662-d3947061-Reviews-La_taberna_de_Manolo-Colmenar_Viejo.html
colmenar viejo;la taberna de Manolo, Colmenar Viejo;"Es un sitio en el cual tienen unas hamburguesas tremendas: muy ricas y grandes.
Hacedme caso, id y disfrutad.";https://www.tripadvisor.es/Restaurant_Review-g1063662-d3947061-Reviews-La_taberna_de_Manolo-Colmenar_Viejo.html
colmenar viejo;la taberna de Manolo, Colmenar Viejo;Nos recomendaron ir allí y salió genial. Fuimos un grupo grande con niños y además algunos con alergias y el trato genial, la comida buena y el trato también.;https://www.tripadvisor.es/Restaurant_Review-g1063662-d3947061-Reviews-La_taberna_de_Manolo-Colmenar_Viejo.html
colmenar viejo;la taberna de Manolo, Colmenar Viejo;"He ido varias veces con los compañeros de trabajo y la verdad es que me encanta este lugar.
No solo por su comida que a pesar de ser comida rápida está buenísima sino por la amabilidad de su personal que se esmera siempre en darte...una estancia estupenda.
Volveremos!Más";https://www.tripadvisor.es/Restaurant_Review-g1063662-d3947061-Reviews-La_taberna_de_Manolo-Colmenar_Viejo.html
colmenar viejo;la taberna de Manolo, Colmenar Viejo;"Siempre es un acierto cuando apetece comida gocha pero casera, todo esta riquísimo y todo es casero. 
La atención siempre muy cercana y siempre con detalles hacia los niños. 
Por poner un pero, las mesas estan muy cerca unas de otras, es un poco agobiante...cuando lo tienen lleno. 
Eso si, si quieres comer, RESERVA.Más";https://www.tripadvisor.es/Restaurant_Review-g1063662-d3947061-Reviews-La_taberna_de_Manolo-Colmenar_Viejo.html
colmenar viejo;Restaurante Casa Abilio, Colmenar Viejo;La verdad, fue una estancia muy positiva, comimos carne roja, la cual es de una calidad muy buena, así como sus postres, todos caseros, los consideramos una maravilla. Sin duda un sitio para repetir en colmenar viejo.;https://www.tripadvisor.es/Restaurant_Review-g1063662-d2703008-Reviews-Casa_Abilio-Colmenar_Viejo.html
colmenar viejo;Restaurante Casa Abilio, Colmenar Viejo;Mi familia y yo comimos el lunes 15 de marzo de 2021 en Casa Abilio. La comida exquisita ( los carnívoros de la familia como locos con el sabor de la carne) la ensalada de arenque, deliciosa, las alcachofas ( no pongo fotos pq ya...están en estos comentarios) y la atención , de primera y las mesas tan separadas que no se oían comentarios de otros clientes. Para volver sin dudaMás;https://www.tripadvisor.es/Restaurant_Review-g1063662-d2703008-Reviews-Casa_Abilio-Colmenar_Viejo.html
colmenar viejo;Restaurante Casa Abilio, Colmenar Viejo;"Después de bastante tiempo volví a Casa Abilio para Navidad. 
Ordenamos de todo un poco como queso de cabra horneado, gambas al ajillo, croquetas, todo buenísimo!!! pedimos también la Carne Roja de Buey fileteada, de primera !!! De poste la leche frita, riquísima!!
Excelente calidad...precio y la atención inmejorable. 
Gracias por hacernos pasar una estupenda comida de navidad en familia. Volveremos pronto.Más";https://www.tripadvisor.es/Restaurant_Review-g1063662-d2703008-Reviews-Casa_Abilio-Colmenar_Viejo.html
colmenar viejo;Restaurante Casa Abilio, Colmenar Viejo;Nos hemos mudado a la zona recientemente y decidimos ir un domingo para probar después de escuchar buenas cosas. Buen servicio, carta idónea y buena calidad, junto con un precio acorde a todo lo anterior. Cuando se pueda repetiremos con más familia/amigos, ya que es...sin duda su gran atractivo.Más;https://www.tripadvisor.es/Restaurant_Review-g1063662-d2703008-Reviews-Casa_Abilio-Colmenar_Viejo.html
colmenar viejo;Restaurante Casa Abilio, Colmenar Viejo;Comimos en este restaurante un grupo de amigos prácticamente de casualidad, porque fuimos a hacer senderismo a Manzanares y estaba todo ocupado. Nos gusto mucho la comidas, trato esquisito y precio asequible! Buen sitio sin duda, recomendable! 👏👏;https://www.tripadvisor.es/Restaurant_Review-g1063662-d2703008-Reviews-Casa_Abilio-Colmenar_Viejo.html
colmenar viejo;Restaurante Casa Abilio, Colmenar Viejo;La comida es buenísima y la atención también. El único fallo que encontré fue que al pedir filet mignon, en mi opinión las salsas deberían ir a parte, la carne es buenísima y la mezcla de salsas hace que no puedas saborearla, sobretodo con la...de queso.Más;https://www.tripadvisor.es/Restaurant_Review-g1063662-d2703008-Reviews-Casa_Abilio-Colmenar_Viejo.html
colmenar viejo;Restaurante Casa Abilio, Colmenar Viejo;He comido muy bien pero me han decepcionada porque pedí una botella de vino y estaba malo se lo indique al camarero al servirme lo y el me decía que no de eso nada que había que dejarlo reposar. Estuvimos esperando algo pero claro como...bien habíamos dicho era malo. Pedimos otra botella y en lugar de servirnos nos lo dejo sobre la mesa. Yo creo que este tipo de cosas en un restaurante así no se deben de hacer. Si no fuera por esto la comida muy buena y camareros amableMás;https://www.tripadvisor.es/Restaurant_Review-g1063662-d2703008-Reviews-Casa_Abilio-Colmenar_Viejo.html
colmenar viejo;Restaurante Casa Abilio, Colmenar Viejo;Todo lo que comimos estaba delicioso, nos lo recomendó un amigo y no se equivocó. Además la atención está muy muy bien. Todo muy limpio, y muy rico hasta el postre. Me encanta la calidad de los ingredientes, los pescados en su punto... we can’t...wait to come back for more!!!! Yummy!!Más;https://www.tripadvisor.es/Restaurant_Review-g1063662-d2703008-Reviews-Casa_Abilio-Colmenar_Viejo.html
colmenar viejo;Restaurante Casa Abilio, Colmenar Viejo;"Carnes perfecto. Entrantes muy agradables. Sorpresa agradable con el pescado . Buen precio.
Hacia años que no volvía.  Todo perfecto.
Cambien la decoración ..";https://www.tripadvisor.es/Restaurant_Review-g1063662-d2703008-Reviews-Casa_Abilio-Colmenar_Viejo.html
colmenar viejo;Restaurante Casa Abilio, Colmenar Viejo;"Tras ser el único en no ser servido en la mesa, se le pide al jefe de sala que acuda y después de dos avisos aparece con una inadecuada actitud; en la que se destaca que se pasea por el resto del comedor evitando acercarse,...y en la conversación no mira a la cara, culpa al resto del equipo y su comportamiento es altivo y sin educación. Durante el resto del servicio evita en todo momento acercarse a la mesa y solo acude a cobrar.Más";https://www.tripadvisor.es/Restaurant_Review-g1063662-d2703008-Reviews-Casa_Abilio-Colmenar_Viejo.html
colmenar viejo;La Sede Restaurante, Colmenar Viejo;Te hacen sentir como en casa, Marta, la persona que atiende el restaurante, es una persona muy atenta y siempre está pendiente de nosotros. La calidad precio es muy buena y las raciones más que generosas! siempre que vas con amigos, quedas fenomenal.  Es uno...de mis restaurantes habituales, sin duda.Más;https://www.tripadvisor.es/Restaurant_Review-g1063662-d7254740-Reviews-La_Sede_Restaurante-Colmenar_Viejo.html
colmenar viejo;La Sede Restaurante, Colmenar Viejo;Se come muy bien, ambiente agradable y servicio perfecto. También tiene terraza de verano e invierno. Lo recomiendo 100 por 100.;https://www.tripadvisor.es/Restaurant_Review-g1063662-d7254740-Reviews-La_Sede_Restaurante-Colmenar_Viejo.html
colmenar viejo;La Sede Restaurante, Colmenar Viejo;Buen sitio  para pasar un gran rato con tu familia o amigos. Comida excelente, buen servicio, no se puede pedir más. Local 100% recomendado;https://www.tripadvisor.es/Restaurant_Review-g1063662-d7254740-Reviews-La_Sede_Restaurante-Colmenar_Viejo.html
colmenar viejo;La Sede Restaurante, Colmenar Viejo;"El trato y la comida ofrecidos por el restaurante son excelentes para llevar a sus familiares a degustar una comida de categoría.
100% recomendable";https://www.tripadvisor.es/Restaurant_Review-g1063662-d7254740-Reviews-La_Sede_Restaurante-Colmenar_Viejo.html
colmenar viejo;La Sede Restaurante, Colmenar Viejo;Ambiente familiar y joven, con sus tres zonas (cafetería, salón y terraza) se consigue un ambiente espectacular, que sumado a las grandes raciones y tapas que se ofrecen, hacen de La Sede uno de los mejores sitios para ir a pasar un buen rato. Por...no hablar de los buenos menús que se sirven de lunes a viernes. Trabajan muy bien el producto desde cocina, la materia prima es de primera, y los camareros encantadores!!Más;https://www.tripadvisor.es/Restaurant_Review-g1063662-d7254740-Reviews-La_Sede_Restaurante-Colmenar_Viejo.html
colmenar viejo;La Sede Restaurante, Colmenar Viejo;Parada obligatoria si pasas por Colmenar. Excelente lugar para cenar en familia o con amigos. Buen trato y raciones muy ricas y generosas. El lugar es amplio, con aparcamiento y muy agradable.;https://www.tripadvisor.es/Restaurant_Review-g1063662-d7254740-Reviews-La_Sede_Restaurante-Colmenar_Viejo.html
colmenar viejo;La Sede Restaurante, Colmenar Viejo;Muy buena la comida, un trato espectacular y un ambiente muy bueno respetando al máximo lo del COVID con todas las medidas de seguridad, repito seguro;https://www.tripadvisor.es/Restaurant_Review-g1063662-d7254740-Reviews-La_Sede_Restaurante-Colmenar_Viejo.html
colmenar viejo;La Sede Restaurante, Colmenar Viejo;Buen restaurante. Platos muy ricos. Buena relación calidad precio. Excelente trato y servicio. Sin duda volveremos. Seriedad con las normas y medidas anti covid.;https://www.tripadvisor.es/Restaurant_Review-g1063662-d7254740-Reviews-La_Sede_Restaurante-Colmenar_Viejo.html
colmenar viejo;La Sede Restaurante, Colmenar Viejo;Espectacular restaurante tanto el trato del equipo de camarero como la cocina !!!todo un acierto !! Buena terraza y lo mejor el aparcamiento;https://www.tripadvisor.es/Restaurant_Review-g1063662-d7254740-Reviews-La_Sede_Restaurante-Colmenar_Viejo.html
colmenar viejo;La Sede Restaurante, Colmenar Viejo;"Me encanta este sitio! 
Tanto para ir en pareja, como con amigos o la familia! 
Tienen variedad en la carta y esta buenísimo todo! 
Puedes estar comiendo o cenando pero también te puedes tomar alguna copa! 
Ponen buenos pinchos! Nunca faltan! 
Los trabajadores son amables...y el trato es inmejorable! 
Es un sitio de reunión con mis amigos sin duda!Más";https://www.tripadvisor.es/Restaurant_Review-g1063662-d7254740-Reviews-La_Sede_Restaurante-Colmenar_Viejo.html
colmenar viejo;Hamburgueseria de Teresa, Colmenar Viejo;Unas hamburguesas de lo mejor, la carne riquísima, la carta es básica pero merece la pena. Rápidos y muy amables, nosotros hicimos pedido para recoger y en 15 min listo!;https://www.tripadvisor.es/Restaurant_Review-g1063662-d7714217-Reviews-Hamburgueseria_de_Teresa-Colmenar_Viejo.html
colmenar viejo;Hamburgueseria de Teresa, Colmenar Viejo;"Es fantastico, una réplica del Don Oso de toda la vida con precios muy buenos y una carne de una de las mejores carnicerías de Guadalix. 
Las latas de bebidas a 1,70€  por menos de 25€ comen tres personas.";https://www.tripadvisor.es/Restaurant_Review-g1063662-d7714217-Reviews-Hamburgueseria_de_Teresa-Colmenar_Viejo.html
colmenar viejo;Hamburgueseria de Teresa, Colmenar Viejo;Es una hamburguesería que sólo sirve hamburguesas, perritos calientes y patatas. Es comida rápida y económica sin pretensiones, pero las hamburguesas están ricas. Nada que ver con las hamburguesas de cadenas como el Mac**** o el ***King. Muchisimo mejor y llevan carne de verdad. Están...sabrosas y atienden muy bien.Más;https://www.tripadvisor.es/Restaurant_Review-g1063662-d7714217-Reviews-Hamburgueseria_de_Teresa-Colmenar_Viejo.html
colmenar viejo;Hamburgueseria de Teresa, Colmenar Viejo;"Voy de vez en cuando, siempre a diario, y a la hora de la cena...no suele haber mucha gente por lo que te atienden al instante y tardan poco.
He probado las hamburguesas, los perritos y un sadwich mixto normal, todo esta super rico, casero(...parece hecho en casa, no tiene el sabor y el olor de las franquicias de comida rapida.
El precio normal.
Te atienden estupendamente, trato muy cercano.
Desconozco si los fines de semana que supongo habra mas jaleo si cambiara la cosa.Más";https://www.tripadvisor.es/Restaurant_Review-g1063662-d7714217-Reviews-Hamburgueseria_de_Teresa-Colmenar_Viejo.html
colmenar viejo;Hamburgueseria de Teresa, Colmenar Viejo;Carta corta. Pocas opciones pero da igual porque lo que hay es de muy buena calidad. La carne es distinta a la que te puedes encontrar en cualquier hamburguesa. Atienden muy bien.;https://www.tripadvisor.es/Restaurant_Review-g1063662-d7714217-Reviews-Hamburgueseria_de_Teresa-Colmenar_Viejo.html
colmenar viejo;Hamburgueseria de Teresa, Colmenar Viejo;"De las mejores hamburguesas que uno puede tomar y a precios increibles. 
No dejes de prestar atencion a la música.
Me encanta este sitio para comer algo rápido, con calidad y rico.";https://www.tripadvisor.es/Restaurant_Review-g1063662-d7714217-Reviews-Hamburgueseria_de_Teresa-Colmenar_Viejo.html
colmenar viejo;Hamburgueseria de Teresa, Colmenar Viejo;Ricas hamburguesas (la de toda la vida) hechas de carne fresca en el momento, a buen precio y el personal amable. Asi da gusto comerse una buena hamburguesa.;https://www.tripadvisor.es/Restaurant_Review-g1063662-d7714217-Reviews-Hamburgueseria_de_Teresa-Colmenar_Viejo.html
colmenar viejo;Hamburgueseria de Teresa, Colmenar Viejo;Hamburguesas caseras con buena materia prima. Es una hamburguesería pequeñita, muy familiar. Recomendable.;https://www.tripadvisor.es/Restaurant_Review-g1063662-d7714217-Reviews-Hamburgueseria_de_Teresa-Colmenar_Viejo.html
colmenar viejo;Hamburgueseria de Teresa, Colmenar Viejo;La carne es excelente y aunque no se pueden escoger muchas variantes,  lo importante es que están buenísimas. Nosotras ya hemos repetido varias veces.;https://www.tripadvisor.es/Restaurant_Review-g1063662-d7714217-Reviews-Hamburgueseria_de_Teresa-Colmenar_Viejo.html
colmenar viejo;Hamburgueseria de Teresa, Colmenar Viejo;"Aunque las opciones de la “carta” son bastante limitadas, ofrecen un servicio relativamente rápido y correcto.

Buen sabor y relación calidad-precio.";https://www.tripadvisor.es/Restaurant_Review-g1063662-d7714217-Reviews-Hamburgueseria_de_Teresa-Colmenar_Viejo.html
colmenar viejo;Tarifa, Colmenar Viejo;"Tras ir varias veces, puedo decir que he probado lo suficiente como para emitir un juicio sobre la calidad de la comida de este local. 
Bueno: la fritura de pescado está bien hecha
Normal: las carnes no están mal hechas pero es carne de no...muy buena calidad. La ensaladilla rusa, es mediocre. 
Mal: las gambas son pequeñas y no se ve que sea un producto muy fresco. La oreja te la sirven o poco hecha o quemada y además grasienta.

Todos los platos van llenos, eso no se puede discutir. Aquí ya entra en juego si quieres comer bien o simplemente vas a llenarte la barriga. Resumiendo, si tienes paladar, no vayas pero si eso te da igual o no encuentras nada abierto, es una última opción.
Los camareros la verdad es que aunque intentan hacerlo lo mejor posible, se nota mucho que dan preferencia a "" los de siempre"" . Si quieres ampliar clientes , no puedes funcionar así. Además de que si te ven según ellos con dinero, te fuerzan a pedir botellas pequeñas de agua alegando que grandes no tienen. Yo no volveréMás";https://www.tripadvisor.es/Restaurant_Review-g1063662-d2719747-Reviews-Tarifa-Colmenar_Viejo.html
colmenar viejo;Tarifa, Colmenar Viejo;A pesar de la pandemia y actuales restricciones, taberna tarifa sigue funcionando sin problema, con la misma calidad que antes y haciendo que la comida/sobremesa sea perfecta.;https://www.tripadvisor.es/Restaurant_Review-g1063662-d2719747-Reviews-Tarifa-Colmenar_Viejo.html
colmenar viejo;Tarifa, Colmenar Viejo;Es una taberna tipica andaluza, mediterránea y española donde puedes degustar muchas cosas y productos de primera calidad. Muy recomendable tanto para tapear, comer y/o cenar. Rafa, su propietario se encarga de comprar y bajar varios dias a Mercamadrid para traer lo mejor. No dejes...de visitar este sitio tan maravilloso.Más;https://www.tripadvisor.es/Restaurant_Review-g1063662-d2719747-Reviews-Tarifa-Colmenar_Viejo.html
colmenar viejo;Tarifa, Colmenar Viejo;"Buena cantidad, calidad y precio.

Jamón en la barra como tapa, buenísimo.
 
Media ración de croquetas, increíbles, caseras y de jamón, mis preferidas 

Media ración de pulpo a la gallega, en su punto, perfecto.

Gambas a la plancha buenísimas, al toque de sal.

Carne al...punto más, tal y como la había pedido, en plato de barro caliente para que no se enfríe, acompañada de patatas y pimientos.

Todo regado de un buen vino.

Y de postre, sucedáneo de tartas caseras.Más";https://www.tripadvisor.es/Restaurant_Review-g1063662-d2719747-Reviews-Tarifa-Colmenar_Viejo.html
colmenar viejo;Tarifa, Colmenar Viejo;Se trata de una taberna en la que se puede tapear bastante bien, otra cosa es la comida ya que una veces es buena y otras no, esta bien de precio pero no es barato.;https://www.tripadvisor.es/Restaurant_Review-g1063662-d2719747-Reviews-Tarifa-Colmenar_Viejo.html
colmenar viejo;Tarifa, Colmenar Viejo;De los mejores de Madrid , tanto por el trato como por la calidad de la comida ...padre e hijo que hacen sentirse a uno como en casa ..un abrazo desde Canarias!!!;https://www.tripadvisor.es/Restaurant_Review-g1063662-d2719747-Reviews-Tarifa-Colmenar_Viejo.html
colmenar viejo;Tarifa, Colmenar Viejo;Pescado y marisco siempre frescos y de calidad. El arroz con bogavante es el mejor que yo haya comido. Rafa es un gran cocinero.;https://www.tripadvisor.es/Restaurant_Review-g1063662-d2719747-Reviews-Tarifa-Colmenar_Viejo.html
colmenar viejo;Tarifa, Colmenar Viejo;Recomiendo fritura de pescado y patatas mixtas.El tomate con ventresca muy bueno también.Eso sí,hay que reservar,pues siempre está lleno;https://www.tripadvisor.es/Restaurant_Review-g1063662-d2719747-Reviews-Tarifa-Colmenar_Viejo.html
colmenar viejo;Tarifa, Colmenar Viejo;He estado varias veces , y siempre me han tratado con simpatia y profesionalidad, tiene tapas tipicas Tarifeñas, jamos especial, queso bueno bueno, gamba blanca, pescados bien preparados y carnes de la sierra en su punto, buenos vinos y muy bien tirada la cerveza, el...dueño Rafa es un antiguo y buen profesional, un ejemplo de trabajo y honestidad y buen español.Más;https://www.tripadvisor.es/Restaurant_Review-g1063662-d2719747-Reviews-Tarifa-Colmenar_Viejo.html
colmenar viejo;Tarifa, Colmenar Viejo;"Nos la dan a conocer mis primos y a las 5 de la tarde, hora intempestiva para comer pero llegábamos de viaje aéreo y con hambre; a pesar de tener la cocina cerrada no tuvieron problema en ponernos unas raciones de jamón ibérico con queso...manchego buenísimas, ensalada de tomate y ventresca tb ricaaa y unas cañas que completaron el menú. Mucha simpatía y buena atención. Repetiremos en la próxima visita a Colmenar. Cómo no hice fotos de esto, se lo hice al pescado que se preparó el dueño.Más";https://www.tripadvisor.es/Restaurant_Review-g1063662-d2719747-Reviews-Tarifa-Colmenar_Viejo.html
